{"cameraMode":{"drawMode":0,"name":"Shaded","section":"Shading Mode"},"sceneLighting":true,"audioPlay":false,"sceneViewState":{"m_AlwaysRefresh":false,"showFog":true,"showSkybox":true,"showFlares":true,"showImageEffects":true,"showParticleSystems":true,"showVisualEffectGraphs":true,"m_FxEnabled":true},"in2DMode":false,"pivot":{"x":-23.725452423095704,"y":8.082086563110352,"z":45.355960845947269},"rotation":{"x":0.00568764191120863,"y":-0.9519279599189758,"z":0.30577749013900759,"w":0.017714843153953553},"size":6.8735151290893559,"orthographic":true}